{
	"class_name" : "PinholeCameraParameters",
	"extrinsic" : 
	[
		0.99955431198472788,
		-0.0054564176713439248,
		0.029349700150652004,
		0.0,
		-0.003125797079655916,
		-0.99687953380007877,
		-0.07887600701832298,
		0.0,
		0.029688495841893894,
		0.078749111720282705,
		-0.99645229219361642,
		0.0,
		-0.89950558602117059,
		0.0049102666220237345,
		2.6233509171872504,
		1.0
	],
	"intrinsic" : 
	{
		"height" : 800,
		"intrinsic_matrix" : 
		[
			692.82032302755101,
			0.0,
			0.0,
			0.0,
			692.82032302755101,
			0.0,
			699.5,
			399.5,
			1.0
		],
		"width" : 1400
	},
	"version_major" : 1,
	"version_minor" : 0
}